{"name":"000006","timestamp":0,"index":6,"labels":[{"id":10,"category":"TUBULAR_MARKER","occlusion":0,"box3d":{"dimension":{"width":0.17200000000000001,"length":0.17200000000000001,"height":0.8270000000000001},"location":{"x":7.736076225404638,"y":17.06110258715489,"z":0.29131755061634623},"orientation":{"rotationYaw":1.61,"rotationPitch":0,"rotationRoll":0}}},{"id":11,"category":"TUBULAR_MARKER","occlusion":0,"box3d":{"dimension":{"width":0.17200000000000001,"length":0.17200000000000001,"height":0.8270000000000001},"location":{"x":7.259385122305309,"y":15.879336252330113,"z":0.1979138909664968},"orientation":{"rotationYaw":1.5399999999999998,"rotationPitch":0,"rotationRoll":0}}},{"id":12,"category":"TUBULAR_MARKER","occlusion":0,"box3d":{"dimension":{"width":0.17200000000000001,"length":0.17200000000000001,"height":0.8270000000000001},"location":{"x":7.328025011229874,"y":14.553307238854371,"z":0.2653383847048535},"orientation":{"rotationYaw":1.6400000000000001,"rotationPitch":0,"rotationRoll":0}}},{"id":13,"category":"TUBULAR_MARKER","occlusion":0,"box3d":{"dimension":{"width":0.17200000000000001,"length":0.17200000000000001,"height":0.8270000000000001},"location":{"x":7.338987034051875,"y":13.049169599876254,"z":0.1955540298016226},"orientation":{"rotationYaw":1.6400000000000001,"rotationPitch":0,"rotationRoll":0}}}]}