{"name":"000002","timestamp":0,"index":2,"labels":[{"id":5,"category":"VAN","occlusion":"0","box3d":{"dimension":{"width":5.194,"length":1.919,"height":1.7},"location":{"x":7.7230530734992255,"y":10.914241211016362,"z":0.7788612993493876},"orientation":{"rotationYaw":-3.02,"rotationPitch":0,"rotationRoll":0}}},{"id":6,"category":"VAN","occlusion":"1","box3d":{"dimension":{"width":5.194,"length":1.919,"height":1.7},"location":{"x":7.148179100957709,"y":13.482076188941702,"z":0.5881233394303854},"orientation":{"rotationYaw":-2.92,"rotationPitch":0,"rotationRoll":0}}}]}