{"name":"000011","timestamp":0,"index":11,"labels":[{"id":5,"category":"VAN","occlusion":"0","box3d":{"dimension":{"width":5.194,"length":1.919,"height":1.7},"location":{"x":7.06494615952764,"y":10.032356319570301,"z":0.7427411506143803},"orientation":{"rotationYaw":-3.09,"rotationPitch":0,"rotationRoll":0}}},{"id":6,"category":"VAN","occlusion":"1","box3d":{"dimension":{"width":5.194,"length":1.919,"height":1.7},"location":{"x":6.904460923652595,"y":12.650457783288903,"z":0.7212998313962367},"orientation":{"rotationYaw":-2.99,"rotationPitch":0,"rotationRoll":0}}}]}