{"name":"000005","timestamp":0,"index":5,"labels":[{"id":3,"category":"CAR","occlusion":"0","box3d":{"dimension":{"width":5.412,"length":2.028,"height":1.468628},"location":{"x":3.22538282342739,"y":-5.5755586751298924,"z":0.5847780452161816},"orientation":{"rotationYaw":1.71,"rotationPitch":0,"rotationRoll":0}}},{"id":5,"category":"CAR","occlusion":"0","box3d":{"dimension":{"width":4.9750000000000005,"length":2.137,"height":1.468628},"location":{"x":2.235795744997638,"y":4.555976159477625,"z":0.9081231670355975},"orientation":{"rotationYaw":-1.58,"rotationPitch":0,"rotationRoll":0}}}]}