{"name":"000001","timestamp":0,"index":1,"labels":[{"id":0,"category":"VAN","occlusion":"2","box3d":{"dimension":{"width":4.757,"length":2.137,"height":1.919},"location":{"x":2.2978465051940127,"y":-8.539964770190345,"z":0.8934400598762539},"orientation":{"rotationYaw":1.47,"rotationPitch":0,"rotationRoll":0}}},{"id":1,"category":"VAN","occlusion":"1","box3d":{"dimension":{"width":5.0840000000000005,"length":1.919,"height":1.7},"location":{"x":4.072905877380218,"y":7.960204262668736,"z":0.5244385668922694},"orientation":{"rotationYaw":0.8200000000000001,"rotationPitch":0,"rotationRoll":0}}}]}