{"name":"000010","timestamp":0,"index":10,"labels":[{"id":0,"category":"VAN","occlusion":"2","box3d":{"dimension":{"width":4.757,"length":2.137,"height":1.919},"location":{"x":2.6938772149898207,"y":-7.114056172987895,"z":0.4162047839252291},"orientation":{"rotationYaw":1.6400000000000001,"rotationPitch":0,"rotationRoll":0}}}]}