{"name":"000005","timestamp":0,"index":5,"labels":[{"id":10,"category":"CAR","occlusion":"0","box3d":{"dimension":{"width":4.7,"length":2.074,"height":1.5},"location":{"x":3.3026904262682475,"y":-5.259300120320543,"z":0.781},"orientation":{"rotationYaw":1.6934405027555475,"rotationPitch":-4.876468105361062e-7,"rotationRoll":-7.730671974470298e-8}}},{"id":17,"category":"CAR","occlusion":"0","box3d":{"dimension":{"width":4.7,"length":2.074,"height":1.5},"location":{"x":2.33534676649718,"y":4.506993228339237,"z":0.9015},"orientation":{"rotationYaw":-1.55,"rotationPitch":0,"rotationRoll":0}}}]}