{"name":"000011","timestamp":0,"index":11,"labels":[{"id":null,"category":"VAN","occlusion":"2","box3d":{"dimension":{"width":4.7,"length":2.074,"height":1.6},"location":{"x":6.922061482416173,"y":10.227862869153507,"z":0.7046429122983404},"orientation":{"rotationYaw":-3.072312387293091,"rotationPitch":0,"rotationRoll":0}}},{"id":null,"category":"VAN","occlusion":"2","box3d":{"dimension":{"width":4.7,"length":2.074,"height":1.6},"location":{"x":6.633428932009704,"y":12.688058947233168,"z":-1.0429199999999992},"orientation":{"rotationYaw":-3.072498831350918,"rotationPitch":0,"rotationRoll":0}}}]}