{"name":"000005","timestamp":0,"index":5,"labels":[{"id":2,"category":"CAR","occlusion":"0","box3d":{"dimension":{"width":4.796488043877075,"length":1.9029443378661834,"height":1.468628},"location":{"x":3.20333371860953,"y":-5.320138803611254,"z":0.67},"orientation":{"rotationYaw":1.7000000000000004,"rotationPitch":0.020000000000000007,"rotationRoll":1.734723475976807e-18}}},{"id":4,"category":"CAR","occlusion":"0","box3d":{"dimension":{"width":4.743411372043376,"length":1.7631508486410303,"height":1.468628},"location":{"x":2.270790242244114,"y":4.515824979802438,"z":0.84},"orientation":{"rotationYaw":-1.56,"rotationPitch":1.735070478505526e-18,"rotationRoll":-0.019999999999999993}}}]}