{"name":"000002","timestamp":0,"index":2,"labels":[{"id":6,"category":"VAN","occlusion":"1","box3d":{"dimension":{"width":4.813,"length":1.862,"height":1.643},"location":{"x":7.516374559134642,"y":10.852399267623241,"z":0.8},"orientation":{"rotationYaw":-3.04,"rotationPitch":-0.02,"rotationRoll":0.02}}},{"id":5,"category":"VAN","occlusion":"2","box3d":{"dimension":{"width":4.922,"length":1.862,"height":1.468628},"location":{"x":7.216030163468869,"y":13.486407440348842,"z":0.67},"orientation":{"rotationYaw":-2.94,"rotationPitch":0.019999999999999997,"rotationRoll":-0.0006936054038088815}}}]}