{"name":"000011","timestamp":0,"index":11,"labels":[{"id":6,"category":"VAN","occlusion":"0","box3d":{"dimension":{"width":4.813,"length":1.862,"height":1.643},"location":{"x":6.921390681626035,"y":10.099653438051714,"z":0.8},"orientation":{"rotationYaw":-3.0700000000000003,"rotationPitch":0.020000000000000004,"rotationRoll":0.02}}},{"id":5,"category":"VAN","occlusion":"1","box3d":{"dimension":{"width":4.922,"length":1.862,"height":1.468628},"location":{"x":6.694415175000737,"y":12.6918495298838,"z":0.71},"orientation":{"rotationYaw":-3.04,"rotationPitch":0.020000000000000004,"rotationRoll":0.02}}}]}