{"name":"000010","timestamp":0,"index":10,"labels":[{"id":7,"category":"VAN","occlusion":"0","box3d":{"dimension":{"width":4.266,"length":1.643,"height":1.752},"location":{"x":2.6166635047516578,"y":-7.282461640890647,"z":0.51},"orientation":{"rotationYaw":1.6,"rotationPitch":0.020000000000000007,"rotationRoll":0.02}}}]}