{"name":"000011","timestamp":0,"index":11,"labels":[{"id":6,"category":"VAN","occlusion":"2","box3d":{"dimension":{"width":4.639,"length":1.897,"height":1.678},"location":{"x":6.601470360813443,"y":12.753049772131181,"z":0.6798421410828959},"orientation":{"rotationYaw":-2.984999179622091,"rotationPitch":0,"rotationRoll":0}}},{"id":7,"category":"VAN","occlusion":"1","box3d":{"dimension":{"width":4.639,"length":1.897,"height":1.678},"location":{"x":6.9029342378549545,"y":10.160868839552181,"z":0.7184746928994095},"orientation":{"rotationYaw":-3.085304503003742,"rotationPitch":0,"rotationRoll":0}}}]}