{"name":"000001","timestamp":0,"index":1,"labels":[{"id":3,"category":"VAN","occlusion":0,"box3d":{"dimension":{"width":3.981,"length":1.897,"height":1.678},"location":{"x":3.7751695812138486,"y":7.896123322114711,"z":0.6507799991535315},"orientation":{"rotationYaw":0.9137433692302417,"rotationPitch":0,"rotationRoll":0}}},{"id":18,"category":"VAN","occlusion":"2","box3d":{"dimension":{"width":4.639,"length":1.7870000000000001,"height":1.7870000000000001},"location":{"x":2.1307053931378306,"y":-8.215019997323639,"z":0.4874579154265821},"orientation":{"rotationYaw":1.3469408797656905,"rotationPitch":0,"rotationRoll":0}}}]}