{"name":"000002","timestamp":0,"index":2,"labels":[{"id":6,"category":"VAN","occlusion":"2","box3d":{"dimension":{"width":4.639,"length":1.897,"height":1.678},"location":{"x":7.065333985074002,"y":13.39290332836968,"z":0.7077733114808923},"orientation":{"rotationYaw":-2.979365853004649,"rotationPitch":0,"rotationRoll":0}}},{"id":7,"category":"VAN","occlusion":"1","box3d":{"dimension":{"width":4.639,"length":1.897,"height":1.678},"location":{"x":7.517121169128564,"y":10.838796847614933,"z":0.7503301296109547},"orientation":{"rotationYaw":-3.0316078203149117,"rotationPitch":0,"rotationRoll":0}}}]}