{"name":"000005","timestamp":0,"index":5,"labels":[{"id":3,"category":"CAR","occlusion":0,"box3d":{"dimension":{"width":4.8580000000000005,"length":1.897,"height":1.468628},"location":{"x":3.2433964027140467,"y":-5.369210215924394,"z":0.7616826032284256},"orientation":{"rotationYaw":1.6747975917143183,"rotationPitch":0,"rotationRoll":0}}},{"id":5,"category":"CAR","occlusion":0,"box3d":{"dimension":{"width":4.8580000000000005,"length":1.897,"height":1.568},"location":{"x":2.1670771410562293,"y":4.580937017649296,"z":0.8720166635172543},"orientation":{"rotationYaw":-1.5408728553226883,"rotationPitch":0,"rotationRoll":0}}}]}