{"name":"000010","timestamp":0,"index":10,"labels":[{"id":18,"category":"VAN","occlusion":"2","box3d":{"dimension":{"width":4.639,"length":1.7870000000000001,"height":1.7870000000000001},"location":{"x":2.7315484624067294,"y":-7.49372264318043,"z":0.6799892582960234},"orientation":{"rotationYaw":1.6234588068505016,"rotationPitch":0,"rotationRoll":0}}}]}