{"name":"000011","timestamp":0,"index":11,"labels":[{"id":6,"category":"VAN","occlusion":"0","box3d":{"dimension":{"width":4.505,"length":1.8780000000000001,"height":1.7690000000000001},"location":{"x":6.719125177795892,"y":10.074398203623161,"z":0.75},"orientation":{"rotationYaw":-3.05306769690336,"rotationPitch":0,"rotationRoll":0}}},{"id":5,"category":"VAN","occlusion":"2","box3d":{"dimension":{"width":4.9430000000000005,"length":1.988,"height":1.7690000000000001},"location":{"x":6.717608960895823,"y":12.850781352061162,"z":0.75},"orientation":{"rotationYaw":-2.9950281956518094,"rotationPitch":0,"rotationRoll":0}}}]}