{"name":"000005","timestamp":0,"index":5,"labels":[{"id":3,"category":"CAR","occlusion":"0","box3d":{"dimension":{"width":4.8340000000000005,"length":1.8780000000000001,"height":1.468628},"location":{"x":3.2228522004177202,"y":-5.337808568742205,"z":0.766621444825069},"orientation":{"rotationYaw":1.682542739099847,"rotationPitch":0,"rotationRoll":0}}},{"id":4,"category":"CAR","occlusion":"0","box3d":{"dimension":{"width":5.053,"length":1.8780000000000001,"height":1.468628},"location":{"x":2.231030089745542,"y":4.557332845394329,"z":0.78},"orientation":{"rotationYaw":-1.5523391963086426,"rotationPitch":0,"rotationRoll":0}}}]}