{"name":"000001","timestamp":0,"index":1,"labels":[{"id":8,"category":"VAN","occlusion":"1","box3d":{"dimension":{"width":4.9430000000000005,"length":1.7690000000000001,"height":1.7690000000000001},"location":{"x":2.148911257477856,"y":-8.103319778112782,"z":0.52},"orientation":{"rotationYaw":1.39388816434949,"rotationPitch":8.960104140754605e-8,"rotationRoll":7.20578914318655e-7}}},{"id":2,"category":"CAR","occlusion":0,"box3d":{"dimension":{"width":5.243479050693824,"length":2.151122547241051,"height":1.563258200662037},"location":{"x":3.9835969537199736,"y":8.360049321829086,"z":0.58},"orientation":{"rotationYaw":1.0333862853936018,"rotationPitch":0,"rotationRoll":0}}}]}