{"name":"000002","timestamp":0,"index":2,"labels":[{"id":5,"category":"VAN","occlusion":"2","box3d":{"dimension":{"width":4.9430000000000005,"length":1.988,"height":1.7690000000000001},"location":{"x":6.477355531591704,"y":13.355416627687285,"z":0.765},"orientation":{"rotationYaw":-2.904337209626474,"rotationPitch":0,"rotationRoll":0}}},{"id":6,"category":"VAN","occlusion":"1","box3d":{"dimension":{"width":4.505,"length":1.8780000000000001,"height":1.7690000000000001},"location":{"x":7.390959738780671,"y":10.916376421505205,"z":0.805},"orientation":{"rotationYaw":-3.022374749318489,"rotationPitch":0,"rotationRoll":0}}}]}