{"name":"000010","timestamp":0,"index":10,"labels":[{"id":8,"category":"VAN","occlusion":"2","box3d":{"dimension":{"width":4.9430000000000005,"length":1.7690000000000001,"height":1.7690000000000001},"location":{"x":2.7395767716108415,"y":-7.2507902755306715,"z":0.62},"orientation":{"rotationYaw":1.8040960470229142,"rotationPitch":6.653773329103581e-7,"rotationRoll":2.9074958853122684e-7}}}]}