{"name":"000005","timestamp":0,"index":5,"labels":[{"id":1,"category":"VAN","occlusion":0,"box3d":{"dimension":{"width":4.839,"length":1.8487535804569761,"height":1.468628},"location":{"x":0,"y":0,"z":-28086.25633258874},"orientation":{"rotationYaw":0.7491802150023776,"rotationPitch":0,"rotationRoll":0}}},{"id":4,"category":"CAR","occlusion":"2","box3d":{"dimension":{"width":4.509,"length":1.8760000000000001,"height":1.468628},"location":{"x":3.242256893696178,"y":-5.310685934872944,"z":0.9334552273822405},"orientation":{"rotationYaw":1.69,"rotationPitch":0.0010539138336907582,"rotationRoll":0.02998148759585346}}},{"id":5,"category":"CAR","occlusion":"0","box3d":{"dimension":{"width":4.729,"length":1.8760000000000001,"height":1.468628},"location":{"x":2.29241495275076,"y":4.559100907005092,"z":0.9316148940756825},"orientation":{"rotationYaw":-1.52,"rotationPitch":0,"rotationRoll":0}}}]}