{"name":"000002","timestamp":0,"index":2,"labels":[{"id":1,"category":"VAN","occlusion":0,"box3d":{"dimension":{"width":4.839,"length":1.8487535804569761,"height":1.468628},"location":{"x":0,"y":0,"z":-28086.25633258874},"orientation":{"rotationYaw":0.7491802150023776,"rotationPitch":0,"rotationRoll":0}}},{"id":6,"category":"VAN","occlusion":"0","box3d":{"dimension":{"width":4.509,"length":1.8760000000000001,"height":1.6560000000000001},"location":{"x":7.422246045040686,"y":10.875548993956972,"z":0.701825737800904},"orientation":{"rotationYaw":-3.001164538559119,"rotationPitch":0.018963772532798427,"rotationRoll":-0.03522107401645657}}},{"id":7,"category":"VAN","occlusion":"1","box3d":{"dimension":{"width":4.509,"length":1.8760000000000001,"height":1.6560000000000001},"location":{"x":7.0988270200723464,"y":13.30242497448128,"z":0.6951778729380519},"orientation":{"rotationYaw":-3.005115225759904,"rotationPitch":0.018632036368197383,"rotationRoll":-0.0353976302806729}}}]}