{"name":"000011","timestamp":0,"index":11,"labels":[{"id":7,"category":"VAN","occlusion":"1","box3d":{"dimension":{"width":4.422158155641788,"length":1.819018155099608,"height":1.6619155215734105},"location":{"x":6.800415582104361,"y":10.109883796567996,"z":0.7225436288516818},"orientation":{"rotationYaw":-3.077958994866995,"rotationPitch":0.0018067798254879869,"rotationRoll":0.0007298007279119916}}},{"id":6,"category":"VAN","occlusion":"2","box3d":{"dimension":{"width":4.385263701403919,"length":1.8045946494196439,"height":1.6204975504811256},"location":{"x":6.503457549096698,"y":12.66828889890403,"z":0.7219700136223273},"orientation":{"rotationYaw":-3.0185747204636124,"rotationPitch":0,"rotationRoll":0}}}]}