{"name":"000005","timestamp":0,"index":5,"labels":[{"id":3,"category":"CAR","occlusion":"0","box3d":{"dimension":{"width":4.9055763111053174,"length":1.860299113798311,"height":1.4491464951420077},"location":{"x":3.19271974002331,"y":-5.395521901238066,"z":0.6739169873436754},"orientation":{"rotationYaw":1.6857891902413977,"rotationPitch":0,"rotationRoll":0}}},{"id":4,"category":"CAR","occlusion":"0","box3d":{"dimension":{"width":4.937838524741816,"length":1.862402705862636,"height":1.4669976928647253},"location":{"x":2.270537006769581,"y":4.661352641273675,"z":0.8490876507626042},"orientation":{"rotationYaw":-1.533228383559772,"rotationPitch":0,"rotationRoll":0}}}]}