{"name":"000010","timestamp":0,"index":10,"labels":[{"id":8,"category":"VAN","occlusion":"2","box3d":{"dimension":{"width":4.841131292563315,"length":1.9725940307792798,"height":1.799299772842424},"location":{"x":2.7372623317023197,"y":-7.688355007796844,"z":0.634804258028001},"orientation":{"rotationYaw":1.594256067924357,"rotationPitch":0,"rotationRoll":0}}},{"id":2,"category":"TRUCK.MID","occlusion":"2","box3d":{"dimension":{"width":6.824544077095223,"length":3.2743141881428572,"height":2.315},"location":{"x":7.45811209677015,"y":-19.905427959370154,"z":0.8148014369767491},"orientation":{"rotationYaw":1.8756276063456447,"rotationPitch":0,"rotationRoll":0}}}]}