{"name":"000001","timestamp":0,"index":1,"labels":[{"id":8,"category":"VAN","occlusion":"2","box3d":{"dimension":{"width":4.841131292563315,"length":1.9725940307792798,"height":1.799299772842424},"location":{"x":2.030766919256087,"y":-7.845245907336148,"z":0.48438387888836765},"orientation":{"rotationYaw":1.3283447805187667,"rotationPitch":0,"rotationRoll":0}}},{"id":2,"category":"CAR","occlusion":"1","box3d":{"dimension":{"width":4.936430153166104,"length":1.8487066299957047,"height":1.468628},"location":{"x":3.955467329201081,"y":8.28920159640252,"z":0.5909816105115742},"orientation":{"rotationYaw":0.9653360723163087,"rotationPitch":0,"rotationRoll":0}}}]}