{"name":"000002","timestamp":0,"index":2,"labels":[{"id":6,"category":"VAN","occlusion":"2","box3d":{"dimension":{"width":4.385263701403919,"length":1.8045946494196439,"height":1.6204975504811256},"location":{"x":6.913293515681567,"y":13.299520717614685,"z":0.6849792968239847},"orientation":{"rotationYaw":-2.9956218444499854,"rotationPitch":0,"rotationRoll":0}}},{"id":7,"category":"VAN","occlusion":"1","box3d":{"dimension":{"width":4.422158155641788,"length":1.819018155099608,"height":1.6619155215734105},"location":{"x":7.387717979577666,"y":10.780252803950942,"z":0.7607286676913323},"orientation":{"rotationYaw":-3.033972343426101,"rotationPitch":0,"rotationRoll":0}}}]}