{"name":"000005","timestamp":0,"index":5,"labels":[{"id":6,"category":"CAR","occlusion":"2","box3d":{"dimension":{"width":4.996638597018704,"length":1.9365111433490922,"height":1.349},"location":{"x":3.2676874999999956,"y":-5.457870471726744,"z":0.7273707168358664},"orientation":{"rotationYaw":1.6973999321198816,"rotationPitch":0,"rotationRoll":0}}},{"id":9,"category":"CAR","occlusion":"2","box3d":{"dimension":{"width":4.836485000974118,"length":1.942853891107563,"height":1.349},"location":{"x":2.3195355317095316,"y":4.620905712052392,"z":0.8505000000000001},"orientation":{"rotationYaw":-1.517912899870065,"rotationPitch":0,"rotationRoll":0}}}]}