{"name":"000011","timestamp":0,"index":11,"labels":[{"id":0,"category":"VAN","occlusion":0,"box3d":{"dimension":{"width":4.380645952597043,"length":1.9793718087980985,"height":1.7870000000000001},"location":{"x":6.4176796207482445,"y":12.778104423154629,"z":0.8299999999999663},"orientation":{"rotationYaw":0.17622030173891362,"rotationPitch":0,"rotationRoll":0}}},{"id":1,"category":"VAN","occlusion":0,"box3d":{"dimension":{"width":4.39717976422646,"length":1.9172900226425853,"height":1.678},"location":{"x":6.740971132751845,"y":10.128393020286383,"z":0.79},"orientation":{"rotationYaw":0.05895958959818998,"rotationPitch":0,"rotationRoll":0}}}]}