{"name":"000009","timestamp":0,"index":9,"labels":[{"id":0,"category":"VAN","occlusion":0,"box3d":{"dimension":{"width":5.000989703858866,"length":1.9793718087980985,"height":1.7870000000000001},"location":{"x":2.0905267630132327,"y":4.48199663354635,"z":0.8300000000000001},"orientation":{"rotationYaw":1.6288949810374838,"rotationPitch":0,"rotationRoll":0}}},{"id":1,"category":"VAN","occlusion":"2","box3d":{"dimension":{"width":4.39717976422646,"length":1.9172900226425853,"height":1.678},"location":{"x":4.684327237089812,"y":4.37181280596472,"z":0.79},"orientation":{"rotationYaw":1.552486440641162,"rotationPitch":0,"rotationRoll":0}}}]}