{"name":"000001","timestamp":0,"index":1,"labels":[{"id":1,"category":"VAN","occlusion":0,"box3d":{"dimension":{"width":3.7952205028976302,"length":1.9172900226425853,"height":1.678},"location":{"x":3.937959914162736,"y":7.617762218394938,"z":0.73},"orientation":{"rotationYaw":0.6936000923962865,"rotationPitch":0,"rotationRoll":0}}}]}