{"name":"000002","timestamp":0,"index":2,"labels":[{"id":0,"category":"VAN","occlusion":0,"box3d":{"dimension":{"width":5.000989703858866,"length":1.9793718087980985,"height":1.7870000000000001},"location":{"x":7.1935728413470805,"y":13.51436487706038,"z":0.8300000000000001},"orientation":{"rotationYaw":0.17422756682174317,"rotationPitch":0,"rotationRoll":0}}},{"id":1,"category":"VAN","occlusion":0,"box3d":{"dimension":{"width":4.39717976422646,"length":1.9172900226425853,"height":1.678},"location":{"x":7.390082392263037,"y":10.852894133081644,"z":0.79},"orientation":{"rotationYaw":0.11208209746796924,"rotationPitch":0,"rotationRoll":0}}}]}