{"name":"000010","timestamp":0,"index":10,"labels":[{"id":12,"category":"VAN","occlusion":0,"box3d":{"dimension":{"width":4.406997118424721,"length":2.012017318524407,"height":1.468628},"location":{"x":2.8318826790666796,"y":-7.418685477780502,"z":0.6773637446556577},"orientation":{"rotationYaw":1.6558610331417525,"rotationPitch":-0.08398216534084288,"rotationRoll":0}}}]}