{"name":"000010","timestamp":0,"index":10,"labels":[{"id":0,"category":"VAN","occlusion":"1","box3d":{"dimension":{"width":5.058,"length":1.985,"height":1.766},"location":{"x":2.6985398099374978,"y":-8.700141497924925,"z":1.0499999999999998},"orientation":{"rotationYaw":1.58,"rotationPitch":0,"rotationRoll":0}}}]}