{"name":"000005","timestamp":0,"index":5,"labels":[{"id":3,"category":"CAR","occlusion":"0","box3d":{"dimension":{"width":5.058,"length":1.8760000000000001,"height":1.468628},"location":{"x":2.26628015515354,"y":4.5661887515878465,"z":0.85},"orientation":{"rotationYaw":-1.55,"rotationPitch":0,"rotationRoll":0}}},{"id":2,"category":"CAR","occlusion":"0","box3d":{"dimension":{"width":4.729,"length":1.766,"height":1.437},"location":{"x":3.1300796857250552,"y":-5.355068813487421,"z":0.85},"orientation":{"rotationYaw":1.69,"rotationPitch":0,"rotationRoll":0}}},{"id":4,"category":"BOLLARD.U","occlusion":"1","box3d":{"dimension":{"width":1.107,"length":0.229,"height":0.668},"location":{"x":3.579969101665446,"y":-9.63373632557653,"z":0.3896858281968491},"orientation":{"rotationYaw":0,"rotationPitch":0,"rotationRoll":0}}},{"id":1,"category":"TRAFFIC_CONE","occlusion":"2","box3d":{"dimension":{"width":0.39779589139886085,"length":0.117739033552418,"height":1.107},"location":{"x":4.188446562642582,"y":-9.45905748706405,"z":0.6712651103112754},"orientation":{"rotationYaw":0,"rotationPitch":0,"rotationRoll":0}}}]}