{"name":"000011","timestamp":0,"index":11,"labels":[{"id":7,"category":"VAN","occlusion":"2","box3d":{"dimension":{"width":4.619,"length":1.8760000000000001,"height":1.437},"location":{"x":6.516615305592419,"y":12.81517609111873,"z":0.62},"orientation":{"rotationYaw":-3,"rotationPitch":0,"rotationRoll":0}}},{"id":8,"category":"VAN","occlusion":"1","box3d":{"dimension":{"width":4.4,"length":1.8760000000000001,"height":1.6560000000000001},"location":{"x":6.667218853300715,"y":10.0296478869099,"z":0.79},"orientation":{"rotationYaw":-3,"rotationPitch":0,"rotationRoll":0}}}]}