{"name":"000002","timestamp":0,"index":2,"labels":[{"id":8,"category":"VAN","occlusion":"1","box3d":{"dimension":{"width":4.4,"length":1.8760000000000001,"height":1.6560000000000001},"location":{"x":7.4092641300514686,"y":10.7884057247258,"z":0.76},"orientation":{"rotationYaw":-3,"rotationPitch":0,"rotationRoll":0}}},{"id":7,"category":"VAN","occlusion":"1","box3d":{"dimension":{"width":4.619,"length":1.8760000000000001,"height":1.437},"location":{"x":6.849057681912364,"y":13.32838444595584,"z":0.66},"orientation":{"rotationYaw":-2.93,"rotationPitch":0,"rotationRoll":0}}}]}