{"name":"000001","timestamp":0,"index":1,"labels":[{"id":9,"category":"VAN","occlusion":"2","box3d":{"dimension":{"width":4.4,"length":1.6560000000000001,"height":1.766},"location":{"x":2.1634967670283713,"y":-8.894725497372482,"z":1.55},"orientation":{"rotationYaw":1.48,"rotationPitch":0,"rotationRoll":0}}},{"id":8,"category":"CAR","occlusion":"2","box3d":{"dimension":{"width":5.058,"length":1.8760000000000001,"height":1.468628},"location":{"x":3.7819507398192327,"y":8.236588782341572,"z":0.2599996958633142},"orientation":{"rotationYaw":0.93,"rotationPitch":0,"rotationRoll":0}}}]}