{"name":"000001","timestamp":0,"index":1,"labels":[{"id":4,"category":"VAN","occlusion":"1","box3d":{"dimension":{"width":4.729,"length":1.8760000000000001,"height":1.437},"location":{"x":1.9507285199811888,"y":-9.115376908953627,"z":0.77},"orientation":{"rotationYaw":1.3800000000000001,"rotationPitch":0,"rotationRoll":0}}},{"id":1,"category":"CAR","occlusion":"1","box3d":{"dimension":{"width":5.2780000000000005,"length":1.8760000000000001,"height":1.327},"location":{"x":4.260167734030037,"y":8.259027250559642,"z":0.62},"orientation":{"rotationYaw":0.8300000000000001,"rotationPitch":0,"rotationRoll":0}}}]}