{"name":"000002","timestamp":0,"index":2,"labels":[{"id":7,"category":"VAN","occlusion":"1","box3d":{"dimension":{"width":4.729,"length":1.766,"height":1.766},"location":{"x":7.104527651990937,"y":13.321538051355937,"z":0.738686},"orientation":{"rotationYaw":-2.97,"rotationPitch":0,"rotationRoll":0}}},{"id":8,"category":"VAN","occlusion":"0","box3d":{"dimension":{"width":4.729,"length":1.766,"height":1.6560000000000001},"location":{"x":7.576867073876671,"y":10.819066559608371,"z":0.713686},"orientation":{"rotationYaw":-3.0700000000000003,"rotationPitch":0,"rotationRoll":0}}}]}