{"name":"000011","timestamp":0,"index":11,"labels":[{"id":8,"category":"VAN","occlusion":"0","box3d":{"dimension":{"width":4.729,"length":1.766,"height":1.6560000000000001},"location":{"x":6.94328197316882,"y":10.062696291046107,"z":0.713686},"orientation":{"rotationYaw":-3.11,"rotationPitch":0,"rotationRoll":0}}},{"id":7,"category":"VAN","occlusion":"1","box3d":{"dimension":{"width":4.729,"length":1.766,"height":1.766},"location":{"x":6.6127537908389815,"y":12.7854841981142,"z":0.7398449563101341},"orientation":{"rotationYaw":-2.93,"rotationPitch":0,"rotationRoll":0}}}]}