{"name":"000005","timestamp":0,"index":5,"labels":[{"id":4,"category":"CAR","occlusion":0,"box3d":{"dimension":{"width":4.839,"length":1.6560000000000001,"height":1.546},"location":{"x":3.075934126635073,"y":-5.210313612181669,"z":0.7586860000000001},"orientation":{"rotationYaw":1.7200000000000004,"rotationPitch":0,"rotationRoll":0}}},{"id":5,"category":"CAR","occlusion":0,"box3d":{"dimension":{"width":4.839,"length":1.766,"height":1.468628},"location":{"x":2.2128978860665516,"y":4.596566744705382,"z":0.79},"orientation":{"rotationYaw":-1.55,"rotationPitch":0,"rotationRoll":0}}},{"id":4,"category":"BOLLARD.U","occlusion":"1","box3d":{"dimension":{"width":1.107,"length":0.339,"height":0.778},"location":{"x":3.6302834172961482,"y":-9.67354644829146,"z":0.33},"orientation":{"rotationYaw":0,"rotationPitch":0,"rotationRoll":0}}}]}