{"name":"000001","timestamp":0,"index":1,"labels":[{"id":6,"category":"VAN","occlusion":"1","box3d":{"dimension":{"width":4.968,"length":2.007,"height":1.678},"location":{"x":2.116905992549702,"y":-8.096568449320703,"z":0.6900000000000001},"orientation":{"rotationYaw":1.48,"rotationPitch":0,"rotationRoll":0}}},{"id":5,"category":"CAR","occlusion":"2","box3d":{"dimension":{"width":4.529,"length":2.007,"height":1.7870000000000001},"location":{"x":3.6991603878373183,"y":8.198112057415502,"z":0.7945000000000001},"orientation":{"rotationYaw":1,"rotationPitch":0,"rotationRoll":0}}},{"id":7,"category":"VAN","occlusion":"1","box3d":{"dimension":{"width":4.639,"length":1.7870000000000001,"height":1.678},"location":{"x":4.960637588003683,"y":14.677338072109382,"z":0.6849999999999999},"orientation":{"rotationYaw":-2.07,"rotationPitch":0,"rotationRoll":0}}}]}