{"name":"000005","timestamp":0,"index":5,"labels":[{"id":1,"category":"CAR","occlusion":0,"box3d":{"dimension":{"width":4.748,"length":2.007,"height":1.349},"location":{"x":3.314124132463912,"y":-5.273804343699917,"z":0.6900000000000001},"orientation":{"rotationYaw":1.69,"rotationPitch":0,"rotationRoll":0}}},{"id":6,"category":"CAR","occlusion":0,"box3d":{"dimension":{"width":4.748,"length":2.336,"height":1.678},"location":{"x":2.519381026392542,"y":4.578075991192055,"z":0.8346842510226955},"orientation":{"rotationYaw":-1.55,"rotationPitch":0,"rotationRoll":0}}}]}