{"name":"000002","timestamp":0,"index":2,"labels":[{"id":7,"category":"VAN","occlusion":"1","box3d":{"dimension":{"width":4.639,"length":1.7870000000000001,"height":1.678},"location":{"x":7.508361678702614,"y":10.789018966832396,"z":0.815},"orientation":{"rotationYaw":-3.0300000000000002,"rotationPitch":0,"rotationRoll":0}}},{"id":8,"category":"VAN","occlusion":"1","box3d":{"dimension":{"width":4.8580000000000005,"length":2.116,"height":1.678},"location":{"x":7.028037725760427,"y":13.497726476316023,"z":0.76},"orientation":{"rotationYaw":-3,"rotationPitch":0,"rotationRoll":0}}}]}