{"name":"000011","timestamp":0,"index":11,"labels":[{"id":7,"category":"VAN","occlusion":"1","box3d":{"dimension":{"width":4.639,"length":1.7870000000000001,"height":1.678},"location":{"x":6.8957323484952875,"y":10.114843546615052,"z":0.6849999999999999},"orientation":{"rotationYaw":-3.0700000000000003,"rotationPitch":0,"rotationRoll":0}}},{"id":8,"category":"VAN","occlusion":"1","box3d":{"dimension":{"width":4.8580000000000005,"length":2.116,"height":1.678},"location":{"x":6.6898532752569535,"y":12.96055119278281,"z":0.604686},"orientation":{"rotationYaw":-2.96,"rotationPitch":0,"rotationRoll":0}}}]}