{"name":"000010","timestamp":0,"index":10,"labels":[{"id":27,"category":"VAN","occlusion":0,"box3d":{"dimension":{"width":4.705,"length":1.855,"height":1.745},"location":{"x":2.720154838784625,"y":-7.598793677879406,"z":0.7581131198077515},"orientation":{"rotationYaw":1.54,"rotationPitch":0,"rotationRoll":0}}}]}