{"name":"000002","timestamp":0,"index":2,"labels":[{"id":4,"category":"VAN","occlusion":"2","box3d":{"dimension":{"width":4.948,"length":1.985,"height":1.6560000000000001},"location":{"x":7.186521162109066,"y":13.491006379332703,"z":0.6900000000000001},"orientation":{"rotationYaw":-2.97,"rotationPitch":0,"rotationRoll":0}}},{"id":5,"category":"VAN","occlusion":"1","box3d":{"dimension":{"width":4.948,"length":1.985,"height":1.624},"location":{"x":7.636440247787106,"y":10.9104698023654,"z":0.744},"orientation":{"rotationYaw":-3.04,"rotationPitch":0,"rotationRoll":0}}}]}