{"name":"000010","timestamp":0,"index":10,"labels":[{"id":32,"category":"VAN","occlusion":"2","box3d":{"dimension":{"width":4.948,"length":1.985,"height":1.355},"location":{"x":2.6087000831860525,"y":-7.780485812950775,"z":0.7394999999999999},"orientation":{"rotationYaw":1.52,"rotationPitch":0,"rotationRoll":0}}}]}