{"name":"000005","timestamp":0,"index":5,"labels":[{"id":4,"category":"CAR","occlusion":"0","box3d":{"dimension":{"width":4.619,"length":1.766,"height":1.437},"location":{"x":2.225074950651422,"y":4.438592109296422,"z":0.9500000000000001},"orientation":{"rotationYaw":-1.55,"rotationPitch":0,"rotationRoll":0}}},{"id":15,"category":"VAN","occlusion":"1","box3d":{"dimension":{"width":4.948,"length":1.985,"height":1.6560000000000001},"location":{"x":100.37284233059744,"y":24.384586109170787,"z":2.009999945301152},"orientation":{"rotationYaw":-0.11,"rotationPitch":0,"rotationRoll":0}}},{"id":7,"category":"CAR","occlusion":"0","box3d":{"dimension":{"width":4.867,"length":1.799,"height":1.468628},"location":{"x":3.189881327796811,"y":-5.3816193075327,"z":0.72},"orientation":{"rotationYaw":1.69,"rotationPitch":0,"rotationRoll":0}}}]}