{"name":"000002","timestamp":0,"index":2,"labels":[{"id":4,"category":"VAN","occlusion":"2","box3d":{"dimension":{"width":4.948,"length":1.985,"height":1.6560000000000001},"location":{"x":7.186521162109066,"y":13.523272959575397,"z":0.6900000000000001},"orientation":{"rotationYaw":-2.97,"rotationPitch":0,"rotationRoll":0}}},{"id":5,"category":"VAN","occlusion":"1","box3d":{"dimension":{"width":4.948,"length":1.985,"height":1.6560000000000001},"location":{"x":7.545657010971598,"y":10.717135665934988,"z":0.76},"orientation":{"rotationYaw":-3.04,"rotationPitch":0,"rotationRoll":0}}}]}