{"name":"000011","timestamp":0,"index":11,"labels":[{"id":4,"category":"VAN","occlusion":"2","box3d":{"dimension":{"width":4.948,"length":1.985,"height":1.6560000000000001},"location":{"x":6.785751943191961,"y":12.805228109015946,"z":0.6899992819232315},"orientation":{"rotationYaw":-3,"rotationPitch":0,"rotationRoll":0}}},{"id":5,"category":"VAN","occlusion":"2","box3d":{"dimension":{"width":4.948,"length":1.985,"height":1.6560000000000001},"location":{"x":7.0784317446249085,"y":10.179493663142628,"z":0.7664688504091325},"orientation":{"rotationYaw":-3.04,"rotationPitch":0,"rotationRoll":0}}}]}