{"name":"000002","timestamp":0,"index":2,"labels":[{"id":7,"category":"VAN","occlusion":0,"box3d":{"dimension":{"width":5.0040000000000004,"length":1.719,"height":1.719},"location":{"x":7.582611718803729,"y":10.837144078400224,"z":0.8},"orientation":{"rotationYaw":-3.02,"rotationPitch":0,"rotationRoll":0}}},{"id":8,"category":"VAN","occlusion":"2","box3d":{"dimension":{"width":5.0040000000000004,"length":1.719,"height":1.719},"location":{"x":6.755179212992926,"y":13.339802431127675,"z":0.8},"orientation":{"rotationYaw":-2.91,"rotationPitch":0,"rotationRoll":0}}}]}