{"name":"000011","timestamp":0,"index":11,"labels":[{"id":7,"category":"VAN","occlusion":0,"box3d":{"dimension":{"width":5.0040000000000004,"length":1.719,"height":1.719},"location":{"x":7.0637063714638,"y":10.121598715779992,"z":0.73},"orientation":{"rotationYaw":-3.09,"rotationPitch":0,"rotationRoll":0}}},{"id":8,"category":"VAN","occlusion":"2","box3d":{"dimension":{"width":5.0040000000000004,"length":1.719,"height":1.719},"location":{"x":6.755179212992926,"y":12.645302520349217,"z":0.73},"orientation":{"rotationYaw":-3.0500000000000003,"rotationPitch":0,"rotationRoll":0}}}]}