{"name":"000010","timestamp":0,"index":10,"labels":[{"id":1,"category":"VAN","occlusion":"1","box3d":{"dimension":{"width":5.0040000000000004,"length":1.6871704745175382,"height":1.719},"location":{"x":2.6781631090036147,"y":-7.67426288983843,"z":0.47000000000000003},"orientation":{"rotationYaw":1.59,"rotationPitch":0,"rotationRoll":0}}},{"id":1,"category":"TRUCK.DUMP","occlusion":"1","box3d":{"dimension":{"width":8.837,"length":2.924,"height":4.238},"location":{"x":8.213550517447915,"y":-17.947620283910336,"z":1.7244997345411501},"orientation":{"rotationYaw":2.49,"rotationPitch":0,"rotationRoll":0}}}]}