{"name":"000001","timestamp":0,"index":1,"labels":[{"id":4,"category":"CAR","occlusion":0,"box3d":{"dimension":{"width":4.785,"length":1.719,"height":1.468628},"location":{"x":4.017439968750006,"y":8.224612214045909,"z":0.47000000000000003},"orientation":{"rotationYaw":0.9400000000000001,"rotationPitch":0,"rotationRoll":0}}},{"id":1,"category":"VAN","occlusion":0,"box3d":{"dimension":{"width":5.0040000000000004,"length":1.6871704745175382,"height":1.719},"location":{"x":1.9725254489631991,"y":-9.095136300148633,"z":1.36},"orientation":{"rotationYaw":1.42,"rotationPitch":0,"rotationRoll":0}}}]}