{"name":"000001","timestamp":0,"index":1,"labels":[{"id":1,"category":"VAN","occlusion":0,"box3d":{"dimension":{"width":4.839,"length":1.8487535804569761,"height":1.468628},"location":{"x":0,"y":0,"z":-28086.25633258874},"orientation":{"rotationYaw":0.7491802150023776,"rotationPitch":0,"rotationRoll":0}}},{"id":8,"category":"VAN","occlusion":"2","box3d":{"dimension":{"width":4.619,"length":1.8760000000000001,"height":1.6560000000000001},"location":{"x":2.2327947475592684,"y":-7.914758449296144,"z":0.5146860458348086},"orientation":{"rotationYaw":1.3676943756918036,"rotationPitch":-0.010321577342767256,"rotationRoll":-0.038646061689534356}}},{"id":2,"category":"CAR","occlusion":0,"box3d":{"dimension":{"width":4.729,"length":1.8760000000000001,"height":1.468628},"location":{"x":4.261169182367747,"y":8.018311931075447,"z":0.5322474603708944},"orientation":{"rotationYaw":0.8300000000000001,"rotationPitch":0,"rotationRoll":-0.04}}}]}