{"name":"000010","timestamp":0,"index":10,"labels":[{"id":8,"category":"VAN","occlusion":"2","box3d":{"dimension":{"width":4.619,"length":1.8760000000000001,"height":1.6560000000000001},"location":{"x":2.6678539191929524,"y":-7.251122065633459,"z":0.5267255340780579},"orientation":{"rotationYaw":1.55,"rotationPitch":0.033490652421026924,"rotationRoll":0.021875903161069136}}}]}