{"name":"000011","timestamp":0,"index":11,"labels":[{"id":6,"category":"VAN","occlusion":"1","box3d":{"dimension":{"width":4.509,"length":1.8760000000000001,"height":1.6560000000000001},"location":{"x":6.778123571716303,"y":10.127720259325681,"z":0.7284540639892851},"orientation":{"rotationYaw":-3.0700000000000003,"rotationPitch":0.03,"rotationRoll":0}}},{"id":7,"category":"VAN","occlusion":"1","box3d":{"dimension":{"width":4.509,"length":1.8760000000000001,"height":1.6560000000000001},"location":{"x":6.6076967200879375,"y":12.602630153233449,"z":0.7767768203377319},"orientation":{"rotationYaw":-3.0700000000000003,"rotationPitch":0,"rotationRoll":0.03}}}]}