{"name":"000001","timestamp":0,"index":1,"labels":[{"id":1,"category":"CAR","occlusion":0,"box3d":{"dimension":{"width":4.619,"length":1.766,"height":1.437},"location":{"x":4.094211669518625,"y":8.096567091914242,"z":0.6104999999999999},"orientation":{"rotationYaw":0.8300000000000001,"rotationPitch":0,"rotationRoll":0}}},{"id":32,"category":"VAN","occlusion":"2","box3d":{"dimension":{"width":4.948,"length":1.985,"height":1.6560000000000001},"location":{"x":1.9580362734211572,"y":-8.17397962295794,"z":1.3799999956176487},"orientation":{"rotationYaw":1.31,"rotationPitch":0,"rotationRoll":0}}}]}