{"name":"000005","timestamp":0,"index":5,"labels":[{"id":1,"category":"CAR","occlusion":"2","box3d":{"dimension":{"width":4.639,"length":1.7870000000000001,"height":1.7870000000000001},"location":{"x":2.278974062690498,"y":4.502830776914901,"z":0.8191860000000001},"orientation":{"rotationYaw":-1.58,"rotationPitch":0,"rotationRoll":0}}},{"id":2,"category":"CAR","occlusion":"2","box3d":{"dimension":{"width":4.639,"length":1.678,"height":1.678},"location":{"x":3.1962369707435645,"y":-5.287025711098338,"z":0.6900000000000003},"orientation":{"rotationYaw":1.7300000000000002,"rotationPitch":0,"rotationRoll":0}}}]}