{"name":"000001","timestamp":0,"index":1,"labels":[{"id":8,"category":"VAN","occlusion":"2","box3d":{"dimension":{"width":4.639,"length":1.897,"height":1.678},"location":{"x":2.1616304185335418,"y":-7.8111624546392076,"z":1.0856223788068529},"orientation":{"rotationYaw":1.27,"rotationPitch":0,"rotationRoll":0}}},{"id":0,"category":"VAN","occlusion":"1","box3d":{"dimension":{"width":4.8580000000000005,"length":1.7870000000000001,"height":1.678},"location":{"x":4.348589285776825,"y":7.933990007953426,"z":0.6685},"orientation":{"rotationYaw":0.65,"rotationPitch":-0.0030454558287554413,"rotationRoll":-0.00027134152411897275}}}]}