{"name":"000011","timestamp":0,"index":11,"labels":[{"id":6,"category":"VAN","occlusion":"2","box3d":{"dimension":{"width":4.160472810475705,"length":1.8566142263187757,"height":1.766},"location":{"x":6.365523366333762,"y":12.788813121566799,"z":0.6411286129706399},"orientation":{"rotationYaw":-2.9724020551478603,"rotationPitch":0,"rotationRoll":0}}},{"id":5,"category":"VAN","occlusion":"1","box3d":{"dimension":{"width":4.126925754367593,"length":1.8382214726830703,"height":1.6560000000000001},"location":{"x":6.670348451194669,"y":10.100711678312452,"z":0.6437697234954066},"orientation":{"rotationYaw":-3.0727869052781425,"rotationPitch":0,"rotationRoll":0}}}]}