{"name":"000002","timestamp":0,"index":2,"labels":[{"id":6,"category":"VAN","occlusion":"1","box3d":{"dimension":{"width":4.097527991723103,"length":1.78184339928097,"height":1.766},"location":{"x":6.800883801392494,"y":13.39517902474722,"z":0.7785591185720862},"orientation":{"rotationYaw":-2.9458044400268006,"rotationPitch":0,"rotationRoll":0}}},{"id":5,"category":"VAN","occlusion":"1","box3d":{"dimension":{"width":4.179210917210599,"length":1.8755447798231601,"height":1.6560000000000001},"location":{"x":7.2947659591027865,"y":10.827556540561284,"z":0.7688614711993172},"orientation":{"rotationYaw":-3.035288936895584,"rotationPitch":0,"rotationRoll":0}}}]}