{"name":"000005","timestamp":0,"index":5,"labels":[{"id":3,"category":"CAR","occlusion":"0","box3d":{"dimension":{"width":4.783044904066502,"length":1.782307094191782,"height":1.468628},"location":{"x":2.2518690825089354,"y":4.619556806145156,"z":0.7693547780569272},"orientation":{"rotationYaw":-1.5232948303580292,"rotationPitch":0,"rotationRoll":0}}},{"id":4,"category":"CAR","occlusion":"0","box3d":{"dimension":{"width":4.805754746699188,"length":2.0197460591744947,"height":1.468628},"location":{"x":3.3254247408429096,"y":-5.359091248371018,"z":0.7156715037154733},"orientation":{"rotationYaw":1.7079064955462706,"rotationPitch":-0.015021480380301802,"rotationRoll":-0.000577165797361046}}}]}