{"name":"000010","timestamp":0,"index":10,"labels":[{"id":7,"category":"VAN","occlusion":"2","box3d":{"dimension":{"width":4.3873798402131605,"length":1.8079497289518158,"height":1.766},"location":{"x":2.6752733686522134,"y":-7.454598938457617,"z":0.6453955464290302},"orientation":{"rotationYaw":1.5751722299263708,"rotationPitch":-0.037222137901499086,"rotationRoll":0.01464962711141941}}}]}