{"name":"000001","timestamp":0,"index":1,"labels":[{"id":7,"category":"VAN","occlusion":"2","box3d":{"dimension":{"width":4.839,"length":1.5695882984651233,"height":1.766},"location":{"x":2.4478211201062736,"y":-6.862774538820803,"z":1.5847753988843634},"orientation":{"rotationYaw":1.3147344053436345,"rotationPitch":-0.03973802799246388,"rotationRoll":0.0045735406208923645}}},{"id":2,"category":"CAR","occlusion":"2","box3d":{"dimension":{"width":4.526790033136909,"length":1.7594752798875282,"height":1.468628},"location":{"x":3.9646185258131865,"y":8.08945873465535,"z":0.5106365046452526},"orientation":{"rotationYaw":0.9279730016845922,"rotationPitch":0.0007747178785374284,"rotationRoll":0.08027189944185721}}}]}