{"name":"000011","timestamp":0,"index":11,"labels":[{"id":5,"category":"VAN","occlusion":"1","box3d":{"dimension":{"width":4.839,"length":1.985,"height":1.6560000000000001},"location":{"x":6.678971388562901,"y":12.624405600310473,"z":1.2010510717018172},"orientation":{"rotationYaw":-3.11,"rotationPitch":0,"rotationRoll":0}}},{"id":6,"category":"VAN","occlusion":"1","box3d":{"dimension":{"width":4.729,"length":1.985,"height":1.6560000000000001},"location":{"x":6.9281636092142245,"y":10.141974593403368,"z":0.7876588338586439},"orientation":{"rotationYaw":-3.11,"rotationPitch":0,"rotationRoll":0}}}]}