{"name":"000010","timestamp":0,"index":10,"labels":[{"id":7,"category":"VAN","occlusion":"2","box3d":{"dimension":{"width":4.729,"length":1.8760000000000001,"height":1.766},"location":{"x":2.6430025185245896,"y":-7.088412217314491,"z":0.44721529242586944},"orientation":{"rotationYaw":1.55,"rotationPitch":0,"rotationRoll":0}}}]}