{"name":"000001","timestamp":0,"index":1,"labels":[{"id":7,"category":"VAN","occlusion":"1","box3d":{"dimension":{"width":4.729,"length":1.8760000000000001,"height":1.766},"location":{"x":2.207196664618893,"y":-7.2763373727020895,"z":0.39237251106252047},"orientation":{"rotationYaw":1.34,"rotationPitch":0,"rotationRoll":0}}},{"id":4,"category":"CAR","occlusion":"1","box3d":{"dimension":{"width":4.509,"length":1.985,"height":1.468628},"location":{"x":3.8771541746735414,"y":8.158447270932827,"z":0.6662124226691928},"orientation":{"rotationYaw":0.93,"rotationPitch":0,"rotationRoll":0}}}]}