{"name":"000002","timestamp":0,"index":2,"labels":[{"id":5,"category":"VAN","occlusion":"1","box3d":{"dimension":{"width":4.839,"length":1.985,"height":1.6560000000000001},"location":{"x":7.0779051497949546,"y":13.400720411464457,"z":0.7276560373342196},"orientation":{"rotationYaw":-3,"rotationPitch":0,"rotationRoll":0}}},{"id":6,"category":"VAN","occlusion":"1","box3d":{"dimension":{"width":4.729,"length":1.985,"height":1.6560000000000001},"location":{"x":7.517793331319684,"y":10.850140659837972,"z":0.7928667727018248},"orientation":{"rotationYaw":-3,"rotationPitch":0,"rotationRoll":0}}}]}