{"name":"000005","timestamp":0,"index":5,"labels":[{"id":6,"category":"CAR","occlusion":"0","box3d":{"dimension":{"width":4.729,"length":1.766,"height":1.468628},"location":{"x":2.199242884188042,"y":4.528348280270857,"z":0.7943698662343994},"orientation":{"rotationYaw":-1.55,"rotationPitch":0,"rotationRoll":0}}},{"id":5,"category":"CAR","occlusion":"0","box3d":{"dimension":{"width":4.839,"length":1.8760000000000001,"height":1.327},"location":{"x":3.194815186332817,"y":-5.40019938674688,"z":0.6725774575535584},"orientation":{"rotationYaw":1.69,"rotationPitch":0,"rotationRoll":0}}}]}