{"name":"000061","timestamp":0,"index":61,"labels":[{"id":54,"category":"CAR","occlusion":0,"box3d":{"dimension":{"width":4.683470669610141,"length":1.7699864891489476,"height":1.437},"location":{"x":6.63428613634812,"y":-2.6761069185794017,"z":0.7660696516643983},"orientation":{"rotationYaw":0.03957646768490895,"rotationPitch":0,"rotationRoll":0}}},{"id":6,"category":"BUS.HEAVY","occlusion":0,"box3d":{"dimension":{"width":11.106714091265374,"length":2.9757871984213264,"height":3.412},"location":{"x":102.68372922403756,"y":9.611404718940104,"z":1.5391020812939988},"orientation":{"rotationYaw":3.1357979045029114,"rotationPitch":0,"rotationRoll":0}}},{"id":12,"category":"TRUCK.MID","occlusion":0,"box3d":{"dimension":{"width":4.729,"length":2.245043590569581,"height":2.424},"location":{"x":108.48421866171425,"y":-4.097068190547848,"z":1.1829811494251206},"orientation":{"rotationYaw":0,"rotationPitch":0,"rotationRoll":0}}},{"id":34,"category":"PEDESTRIAN.ADULT.STANDING","occlusion":0,"box3d":{"dimension":{"width":0.3984023711434625,"length":0.6192698147501883,"height":1.766},"location":{"x":31.753841028842047,"y":12.40295591913155,"z":0.7975700453262446},"orientation":{"rotationYaw":0,"rotationPitch":0,"rotationRoll":0}}}]}