{"name":"000075","timestamp":0,"index":75,"labels":[{"id":54,"category":"CAR","occlusion":0,"box3d":{"dimension":{"width":4.683470669610141,"length":1.83017105180113,"height":1.437},"location":{"x":8.198419174349212,"y":3.366692127368942,"z":0.7660696516643983},"orientation":{"rotationYaw":0.03335634527870658,"rotationPitch":0,"rotationRoll":0}}}]}