{"name":"000049","timestamp":0,"index":49,"labels":[{"id":26,"category":"CAR","occlusion":0,"box3d":{"dimension":{"width":4.509,"length":1.7993414994843109,"height":1.546},"location":{"x":100.90275439270876,"y":-0.1867030240321675,"z":0.8503504494140575},"orientation":{"rotationYaw":-0.00939390232075867,"rotationPitch":0,"rotationRoll":0}}},{"id":33,"category":"CAR","occlusion":0,"box3d":{"dimension":{"width":4.371293608619659,"length":1.834677006871884,"height":1.468628},"location":{"x":95.42697902506244,"y":-3.583864662138031,"z":0.87186280580613},"orientation":{"rotationYaw":0,"rotationPitch":0,"rotationRoll":0}}},{"id":9,"category":"TRUCK.MID","occlusion":0,"box3d":{"dimension":{"width":4.878946815261056,"length":1.839830615195338,"height":2.095},"location":{"x":40.71537306235437,"y":-3.1203278061275457,"z":1.203668784742889},"orientation":{"rotationYaw":0,"rotationPitch":0,"rotationRoll":0}}},{"id":46,"category":"CAR","occlusion":0,"box3d":{"dimension":{"width":4.721293644197792,"length":1.778941298173542,"height":1.437},"location":{"x":3.3258385809510806,"y":-2.8861861452077617,"z":0.7738608159570859},"orientation":{"rotationYaw":0,"rotationPitch":0,"rotationRoll":0}}}]}