{"name":"000105","timestamp":0,"index":105,"labels":[{"id":26,"category":"CAR","occlusion":0,"box3d":{"dimension":{"width":4.509,"length":1.7993414994843109,"height":1.546},"location":{"x":65.41960495911007,"y":-0.8654414555379315,"z":1.2399890338270065},"orientation":{"rotationYaw":-0.00939390232075867,"rotationPitch":0,"rotationRoll":0}}},{"id":63,"category":"CAR","occlusion":0,"box3d":{"dimension":{"width":5.492510598324216,"length":2.2206928070960634,"height":1.468628},"location":{"x":98.71344295633915,"y":-5.261876825293495,"z":1.1744737688942086},"orientation":{"rotationYaw":0,"rotationPitch":0,"rotationRoll":0}}},{"id":48,"category":"VAN","occlusion":"2","box3d":{"dimension":{"width":5.724907847582529,"length":2.591188841905689,"height":1.6560000000000001},"location":{"x":129.11918581022562,"y":-8.284579158173365,"z":1.2474862141523149},"orientation":{"rotationYaw":0,"rotationPitch":0,"rotationRoll":0}}}]}