{"name":"000111","timestamp":0,"index":111,"labels":[{"id":26,"category":"CAR","occlusion":0,"box3d":{"dimension":{"width":4.509,"length":1.7993414994843109,"height":1.546},"location":{"x":121.3609916988615,"y":0.2390973969967929,"z":1.1411450533889056},"orientation":{"rotationYaw":-0.00939390232075867,"rotationPitch":0,"rotationRoll":0}}},{"id":48,"category":"VAN","occlusion":"0","box3d":{"dimension":{"width":4.419329367395051,"length":1.7782660513209179,"height":1.6560000000000001},"location":{"x":5.645071345315871,"y":-6.5014773958391645,"z":0.7347376030965141},"orientation":{"rotationYaw":0,"rotationPitch":0,"rotationRoll":0}}},{"id":64,"category":"CAR","occlusion":"1","box3d":{"dimension":{"width":4.37083246738755,"length":1.685434433263269,"height":1.327},"location":{"x":10.499916599052051,"y":-5.846497078927369,"z":0.6115175019418112},"orientation":{"rotationYaw":0,"rotationPitch":0,"rotationRoll":0}}}]}