{"name":"000109","timestamp":0,"index":109,"labels":[{"id":26,"category":"CAR","occlusion":0,"box3d":{"dimension":{"width":4.509,"length":1.7993414994843109,"height":1.546},"location":{"x":114.69219701403674,"y":0.058307746089467205,"z":1.1753260774394167},"orientation":{"rotationYaw":-0.00939390232075867,"rotationPitch":0,"rotationRoll":0}}},{"id":63,"category":"CAR","occlusion":0,"box3d":{"dimension":{"width":5.492510598324216,"length":2.2206928070960634,"height":1.468628},"location":{"x":49.558617577378726,"y":-5.947244101383122,"z":1.030088863285239},"orientation":{"rotationYaw":0,"rotationPitch":0,"rotationRoll":0}}},{"id":48,"category":"VAN","occlusion":"2","box3d":{"dimension":{"width":5.724907847582529,"length":2.591188841905689,"height":1.6560000000000001},"location":{"x":63.4255326639454,"y":-6.075240467260346,"z":1.1317743119046506},"orientation":{"rotationYaw":0,"rotationPitch":0,"rotationRoll":0}}},{"id":64,"category":"CAR","occlusion":"2","box3d":{"dimension":{"width":5.637362103319234,"length":2.2216205333288883,"height":1.327},"location":{"x":72.5209955258563,"y":-4.776132704358491,"z":1.0135253332672538},"orientation":{"rotationYaw":0,"rotationPitch":0,"rotationRoll":0}}}]}