{"name":"000113","timestamp":0,"index":113,"labels":[{"id":65,"category":"CAR","occlusion":0,"box3d":{"dimension":{"width":4.60604308652575,"length":2.018555507102459,"height":1.468628},"location":{"x":12.966011208312525,"y":10.032629085800476,"z":0.6142130222400599},"orientation":{"rotationYaw":3.1317103562140662,"rotationPitch":0,"rotationRoll":0}}},{"id":49,"category":"VAN","occlusion":0,"box3d":{"dimension":{"width":3.9705588651814416,"length":1.9319624391927486,"height":1.6560000000000001},"location":{"x":21.98932044270831,"y":6.770547222225606,"z":0.8592468735542625},"orientation":{"rotationYaw":3.1403086435055503,"rotationPitch":0,"rotationRoll":0}}},{"id":26,"category":"CAR","occlusion":0,"box3d":{"dimension":{"width":4.599541205742136,"length":1.8354724706320535,"height":1.7676524764035662},"location":{"x":124.85389261609218,"y":0.15183038332500232,"z":1.3201246550730357},"orientation":{"rotationYaw":-0.00939390232075867,"rotationPitch":0,"rotationRoll":0}}},{"id":56,"category":"VAN","occlusion":0,"box3d":{"dimension":{"width":4.643822920739621,"length":1.8760000000000001,"height":1.468628},"location":{"x":119.83576572647877,"y":13.139146696404023,"z":0.6534476306121686},"orientation":{"rotationYaw":2.18610563994328,"rotationPitch":0,"rotationRoll":0}}}]}