{"name":"000103","timestamp":0,"index":103,"labels":[{"id":26,"category":"CAR","occlusion":0,"box3d":{"dimension":{"width":4.509,"length":1.7993414994843109,"height":1.546},"location":{"x":40.51624180860076,"y":-0.13148122516084199,"z":0.8419776878656933},"orientation":{"rotationYaw":-0.00939390232075867,"rotationPitch":0,"rotationRoll":0}}}]}