{"name":"000005","timestamp":0,"index":5,"labels":[{"id":3,"category":"CAR","occlusion":"0","box3d":{"dimension":{"width":4.29,"length":1.8760000000000001,"height":1.327},"location":{"x":3.076698930852965,"y":-5.046995253428385,"z":0.6967345438629496},"orientation":{"rotationYaw":1.7200000000000002,"rotationPitch":0.03,"rotationRoll":0}}},{"id":4,"category":"CAR","occlusion":"0","box3d":{"dimension":{"width":4.839,"length":1.766,"height":1.327},"location":{"x":2.2255687453864557,"y":4.617747441324254,"z":0.8218522055742251},"orientation":{"rotationYaw":-1.55,"rotationPitch":0,"rotationRoll":0}}},{"id":5,"category":"TUBULAR_MARKER","occlusion":0,"box3d":{"dimension":{"width":0.229,"length":0.229,"height":0.668},"location":{"x":7.168551192658005,"y":7.107333475392693,"z":0.23009363693784443},"orientation":{"rotationYaw":0,"rotationPitch":0,"rotationRoll":0}}}]}