{"name":"000010","timestamp":0,"index":10,"labels":[{"id":7,"category":"VAN","occlusion":"1","box3d":{"dimension":{"width":3.9610000000000003,"length":1.546,"height":1.546},"location":{"x":2.723345549313444,"y":-7.4730449987911145,"z":0.5948042734407859},"orientation":{"rotationYaw":1.6452599579370226,"rotationPitch":0,"rotationRoll":0}}}]}