{"name":"000001","timestamp":0,"index":1,"labels":[{"id":7,"category":"VAN","occlusion":"2","box3d":{"dimension":{"width":3.9610000000000003,"length":1.546,"height":1.546},"location":{"x":2.1912967221990813,"y":-7.671129501302291,"z":0.542805284784279},"orientation":{"rotationYaw":1.41,"rotationPitch":0,"rotationRoll":0}}}]}