{"name":"000011","timestamp":0,"index":11,"labels":[{"id":8,"category":"VAN","occlusion":"0","box3d":{"dimension":{"width":4.29,"length":1.8760000000000001,"height":1.468628},"location":{"x":6.528705144250119,"y":12.805650315884673,"z":0.59},"orientation":{"rotationYaw":-2.8973608231110037,"rotationPitch":0,"rotationRoll":-0.04}}},{"id":9,"category":"VAN","occlusion":"1","box3d":{"dimension":{"width":4.619,"length":1.985,"height":1.546},"location":{"x":6.8396245932661035,"y":10.046134515584244,"z":0.7138677016065261},"orientation":{"rotationYaw":-3.115316329815622,"rotationPitch":0.00007343524090610126,"rotationRoll":0}}}]}