{"name":"000002","timestamp":0,"index":2,"labels":[{"id":8,"category":"VAN","occlusion":0,"box3d":{"dimension":{"width":4.29,"length":1.8760000000000001,"height":1.468628},"location":{"x":6.7978218815077085,"y":13.415553333781302,"z":0.66},"orientation":{"rotationYaw":-2.9,"rotationPitch":0,"rotationRoll":-0.04}}},{"id":9,"category":"VAN","occlusion":"2","box3d":{"dimension":{"width":4.619,"length":1.6306882837415095,"height":1.546},"location":{"x":7.5254078954046335,"y":10.729825995250613,"z":0.7454756415328493},"orientation":{"rotationYaw":-3.04,"rotationPitch":0,"rotationRoll":0}}}]}